bp,pres
90.27777777777777,20.79
90.16666666666667,20.79
92.16666666666667,22.4
92.44444444444444,22.67
93.0,23.15
93.27777777777779,23.35
93.83333333333333,23.89
93.94444444444444,23.99
94.11111111111111,24.02
94.05555555555556,24.01
95.33333333333333,25.14
96.4,26.57
98.61111111111111,28.49
98.1111111111111,27.76
99.27777777777777,29.04
99.94444444444444,29.88
100.1111111111111,30.06
